space,full,full,umap2d,umap2d
metric,cosine,euclidean,cosine,euclidean
dataset,,,,
Baseline MRI,0.06468044221401215,0.28403159976005554,0.30919840931892395,0.19278201460838318
MRI Histo-aligned,0.5572556257247925,0.6254478096961975,0.17451298236846924,0.3653605580329895
