{
  "target": "isup3",
  "folds_train": [
    "1",
    "2",
    "3"
  ],
  "folds_test": [
    "0"
  ],
  "n_classes": 3,
  "classes_present": [
    0,
    1,
    2
  ],
  "metrics": {
    "loss": 0.4799990325970319,
    "acc": 0.14755077658303464,
    "bacc": 0.3775184032409466,
    "f1_macro": 0.10885139043170677,
    "macro_auc": 0.6020416847125861
  }
}