{
  "target": "isup3",
  "folds_train": [
    "1",
    "2",
    "3"
  ],
  "folds_test": [
    "4"
  ],
  "n_classes": 3,
  "classes_present": [
    0,
    1,
    2
  ],
  "metrics": {
    "loss": 0.5060880080160747,
    "acc": 0.1453711919550429,
    "bacc": 0.3605355547174322,
    "f1_macro": 0.11328705500460845,
    "macro_auc": 0.5807257260790242
  }
}