{
  "target": "isup3",
  "folds_train": [
    "1",
    "2",
    "3"
  ],
  "folds_test": [
    "4"
  ],
  "n_classes": 3,
  "classes_present": [
    0,
    1,
    2
  ],
  "metrics": {
    "loss": 0.13111443378205342,
    "acc": 0.19787045252883761,
    "bacc": 0.37335242521846174,
    "f1_macro": 0.14643566207577632,
    "macro_auc": 0.6275908614492213
  }
}