space,full,full,umap2d,umap2d
metric,cosine,euclidean,cosine,euclidean
dataset,,,,
Baseline MRI,0.027615370228886604,0.18077562749385834,0.09342499822378159,0.09719858318567276
MRI Histo-aligned,0.02925785444676876,0.16245460510253906,0.020332790911197662,0.10114315897226334
