{
  "target": "isup3",
  "folds_train": [
    "1",
    "2",
    "3"
  ],
  "folds_test": [
    "4"
  ],
  "n_classes": 3,
  "classes_present": [
    0,
    1,
    2
  ],
  "metrics": {
    "loss": 0.539839072362871,
    "acc": 0.16563146997929606,
    "bacc": 0.3676496849981204,
    "f1_macro": 0.11466564629839894,
    "macro_auc": 0.6006832863807484
  }
}