{
  "target": "binary_all",
  "folds_train": [
    "1",
    "2",
    "3"
  ],
  "folds_test": [
    "4"
  ],
  "n_classes": 2,
  "classes_present": [
    0,
    1
  ],
  "metrics": {
    "loss": 0.16905195972006531,
    "acc": 0.8507837917775806,
    "bacc": 0.7839652291065318,
    "f1_macro": 0.6651098178464793,
    "macro_auc": 0.8233454621545901
  }
}