space,full,full,umap2d,umap2d
metric,cosine,euclidean,cosine,euclidean
dataset,,,,
Baseline MRI,0.033504366874694824,0.21223288774490356,0.2290792167186737,0.13278932869434357
MRI Histo-aligned,0.1517351120710373,0.2685600221157074,0.4456213116645813,0.11455954611301422
