{
  "target": "isup3",
  "folds_train": [
    "1",
    "2",
    "3"
  ],
  "folds_test": [
    "4"
  ],
  "n_classes": 3,
  "classes_present": [
    0,
    1,
    2
  ],
  "metrics": {
    "loss": 0.19435781024669674,
    "acc": 0.670955338657202,
    "bacc": 0.46769695690002083,
    "f1_macro": 0.34924284592747323,
    "macro_auc": 0.6518078087019338
  }
}